<?xml version="1.0" encoding="utf-8"?>
<extension version="3.1" type="plugin" group="content">
	<name>Content - PrizmCloud Document Viewer</name>
	<author>Accusoft Corporation</author>
	<creationDate>May 2013</creationDate>
	<copyright>Copyright (C) 2013 Accusoft Corporation. All rights reserved.</copyright>
	<license>GNU General Public License version 2 or later; see LICENSE.txt</license>
	<authorEmail>support@accusoft.com</authorEmail>
	<authorUrl>www.accusoft.com</authorUrl>
	<version>1.0.0</version>
	<description>Adds an embedded document viewer (via an iframe) to your page which allows you to view any of 300+ types of files.</description>
	<files>
		<filename plugin="prizmcloudviewer">prizmcloudviewer.php</filename>
		<filename>index.html</filename>
	</files>
	<languages>
		<language tag="en-GB">en-GB.plg_content_prizmcloudviewer.ini</language>
		<language tag="en-GB">en-GB.plg_content_prizmcloudviewer.sys.ini</language>
	</languages>
	<config>
		<fields name="params">

			<fieldset name="basic">
				<field name="prizmcloud_key" type="text"
					class="btn-group"
					default=""
					description="PLG_CONTENT_PRIZMCLOUDVIEWER_KEY_DESC"
					label="PLG_CONTENT_PRIZMCLOUDVIEWER_KEY_LABEL"
				>
				</field>
			</fieldset>

		</fields>
	</config>
</extension>
